<?xml version="1.0" encoding="UTF-8"?>
<project-private xmlns="http://www.netbeans.org/ns/project-private/1">
    <editor-bookmarks xmlns="http://www.netbeans.org/ns/editor-bookmarks/2" lastBookmarkId="0"/>
    <open-files xmlns="http://www.netbeans.org/ns/projectui-open-files/2">
        <group>
            <file>file:/C:/Users/leah/Documents/NetBeansProjects/PROJECT%20SA%20DISCRETE/src/DISCRETE_PROJECT/SuperClass.java</file>
            <file>file:/C:/Users/leah/Documents/NetBeansProjects/PROJECT%20SA%20DISCRETE/src/DISCRETE_PROJECT/SubClass3.java</file>
            <file>file:/C:/Users/leah/Documents/NetBeansProjects/PROJECT%20SA%20DISCRETE/src/DISCRETE_PROJECT/SubClass2.java</file>
            <file>file:/C:/Users/leah/Documents/NetBeansProjects/PROJECT%20SA%20DISCRETE/src/DISCRETE_PROJECT/SubClass4.java</file>
            <file>file:/C:/Users/leah/Documents/NetBeansProjects/PROJECT%20SA%20DISCRETE/src/DISCRETE_PROJECT/SubClass1.java</file>
            <file>file:/C:/Users/leah/Documents/NetBeansProjects/PROJECT%20SA%20DISCRETE/src/DISCRETE_PROJECT/MAIN.java</file>
            <file>file:/C:/Users/leah/Documents/NetBeansProjects/PROJECT%20SA%20DISCRETE/src/DISCRETE_PROJECT/SubClass5.java</file>
        </group>
    </open-files>
</project-private>
